{"cameraMode":{"drawMode":0,"name":"Shaded","section":"Shading Mode"},"sceneLighting":false,"audioPlay":false,"sceneViewState":{"showFog":true,"showMaterialUpdate":false,"showSkybox":false,"showFlares":true,"showImageEffects":true,"showParticleSystems":true},"in2DMode":false,"pivot":{"x":-0.028244733810424806,"y":2.7663381099700929,"z":0.35938143730163576},"rotation":{"x":0.19113239645957948,"y":0.28785187005996706,"z":-0.05873962491750717,"w":0.936576247215271},"size":3.4804999828338625,"orthographic":false}