{"cameraMode":{"drawMode":0,"name":"Shaded","section":"Shading Mode"},"sceneLighting":true,"audioPlay":false,"sceneViewState":{"showFog":true,"showMaterialUpdate":false,"showSkybox":true,"showFlares":true,"showImageEffects":true,"showParticleSystems":true},"in2DMode":false,"pivot":{"x":0.631831169128418,"y":-10.082236289978028,"z":4.141231536865234},"rotation":{"x":-0.19923196732997895,"y":-0.1871849149465561,"z":0.03844660520553589,"w":-0.961211621761322},"size":25.91288185119629,"orthographic":false}