{"cameraMode":{"drawMode":0,"name":"Shaded","section":"Shading Mode"},"sceneLighting":false,"audioPlay":false,"sceneViewState":{"showFog":true,"showMaterialUpdate":false,"showSkybox":false,"showFlares":true,"showImageEffects":true,"showParticleSystems":true},"in2DMode":false,"pivot":{"x":270.6200256347656,"y":146.5699920654297,"z":0.0},"rotation":{"x":0.011491448618471623,"y":0.9790003299713135,"z":-0.19520367681980134,"w":0.05763271078467369},"size":178.64080810546876,"orthographic":false}