{"cameraMode":{"drawMode":0,"name":"Shaded","section":"Shading Mode"},"sceneLighting":false,"audioPlay":false,"sceneViewState":{"showFog":true,"showMaterialUpdate":false,"showSkybox":false,"showFlares":true,"showImageEffects":true,"showParticleSystems":true},"in2DMode":false,"pivot":{"x":5.523564338684082,"y":2.411472797393799,"z":-2.9296066761016847},"rotation":{"x":0.03558044135570526,"y":0.19774851202964784,"z":-0.007212559226900339,"w":0.9796112775802612},"size":5.281661510467529,"orthographic":false}