{"cameraMode":{"drawMode":0,"name":"Shaded","section":"Shading Mode"},"sceneLighting":false,"audioPlay":false,"sceneViewState":{"showFog":true,"showMaterialUpdate":false,"showSkybox":false,"showFlares":true,"showImageEffects":true,"showParticleSystems":true},"in2DMode":false,"pivot":{"x":397.85601806640627,"y":306.6588134765625,"z":-10.967193603515625},"rotation":{"x":-0.010815255343914032,"y":0.9856078028678894,"z":-0.1538122594356537,"w":-0.06930261105298996},"size":141.42137145996095,"orthographic":false}