{"cameraMode":{"drawMode":0,"name":"Shaded","section":"Shading Mode"},"sceneLighting":false,"audioPlay":false,"sceneViewState":{"showFog":true,"showMaterialUpdate":false,"showSkybox":false,"showFlares":true,"showImageEffects":true,"showParticleSystems":true},"in2DMode":false,"pivot":{"x":2.170210123062134,"y":-0.22224831581115724,"z":-10.5600004196167},"rotation":{"x":-0.0326530896127224,"y":-0.043782155960798267,"z":-0.0014267006190493703,"w":0.9985173940658569},"size":3.8720853328704836,"orthographic":false}