{"cameraMode":{"drawMode":0,"name":"Shaded","section":"Shading Mode"},"sceneLighting":true,"audioPlay":false,"sceneViewState":{"showFog":true,"showMaterialUpdate":false,"showSkybox":true,"showFlares":true,"showImageEffects":true,"showParticleSystems":true},"in2DMode":false,"pivot":{"x":-0.8846255540847778,"y":10.216504096984864,"z":-25.8603458404541},"rotation":{"x":0.4065991938114166,"y":-0.017529791221022607,"z":0.007803016807883978,"w":0.913407564163208},"size":4.676537036895752,"orthographic":false}