{"cameraMode":{"drawMode":0,"name":"Shaded","section":"Shading Mode"},"sceneLighting":true,"audioPlay":false,"sceneViewState":{"showFog":true,"showMaterialUpdate":false,"showSkybox":true,"showFlares":true,"showImageEffects":true,"showParticleSystems":true},"in2DMode":false,"pivot":{"x":31.096529006958009,"y":-15.416662216186524,"z":-11.413299560546875},"rotation":{"x":0.3117031157016754,"y":0.24724845588207246,"z":-0.08436024188995362,"w":0.9135614037513733},"size":18.641189575195314,"orthographic":false}