{"cameraMode":{"drawMode":0,"name":"Shaded","section":"Shading Mode"},"sceneLighting":true,"audioPlay":false,"sceneViewState":{"showFog":true,"showMaterialUpdate":false,"showSkybox":true,"showFlares":true,"showImageEffects":true,"showParticleSystems":true},"in2DMode":false,"pivot":{"x":3.5977590084075929,"y":4.620227336883545,"z":-30.235580444335939},"rotation":{"x":-0.2783730626106262,"y":0.036580584943294528,"z":-0.010610879398882389,"w":-0.9597201943397522},"size":7.321071147918701,"orthographic":false}