{"cameraMode":{"drawMode":0,"name":"Shaded","section":"Shading Mode"},"sceneLighting":true,"audioPlay":false,"sceneViewState":{"showFog":true,"showMaterialUpdate":false,"showSkybox":true,"showFlares":true,"showImageEffects":true,"showParticleSystems":true},"in2DMode":false,"pivot":{"x":18.55173110961914,"y":-13.199522018432618,"z":-5.066938400268555},"rotation":{"x":0.3163435757160187,"y":0.3996179401874542,"z":-0.1491895318031311,"w":0.8473423719406128},"size":18.331329345703126,"orthographic":false}