{"cameraMode":{"drawMode":0,"name":"Shaded","section":"Shading Mode"},"sceneLighting":false,"audioPlay":false,"sceneViewState":{"showFog":true,"showMaterialUpdate":false,"showSkybox":false,"showFlares":true,"showImageEffects":true,"showParticleSystems":true},"in2DMode":false,"pivot":{"x":-0.028244733810424806,"y":2.7663381099700929,"z":0.35938143730163576},"rotation":{"x":0.1779736429452896,"y":0.2447948306798935,"z":-0.045758411288261417,"w":0.9520121812820435},"size":3.4804999828338625,"orthographic":false}