{"cameraMode":{"drawMode":0,"name":"Shaded","section":"Shading Mode"},"sceneLighting":false,"audioPlay":false,"sceneViewState":{"showFog":true,"showMaterialUpdate":false,"showSkybox":false,"showFlares":true,"showImageEffects":true,"showParticleSystems":true},"in2DMode":false,"pivot":{"x":-0.5332940220832825,"y":-0.9422395825386047,"z":-24.596961975097658},"rotation":{"x":0.4065991938114166,"y":-0.017529791221022607,"z":0.007803016807883978,"w":0.913407564163208},"size":0.40281441807746889,"orthographic":false}