{"cameraMode":{"drawMode":0,"name":"Shaded","section":"Shading Mode"},"sceneLighting":false,"audioPlay":false,"sceneViewState":{"showFog":true,"showMaterialUpdate":false,"showSkybox":false,"showFlares":true,"showImageEffects":true,"showParticleSystems":true},"in2DMode":false,"pivot":{"x":11.547252655029297,"y":-0.7000000476837158,"z":-21.216012954711915},"rotation":{"x":-0.05407647788524628,"y":0.08201157301664353,"z":-0.00480877049267292,"w":-0.9952207207679749},"size":0.7441565990447998,"orthographic":false}