{"cameraMode":{"drawMode":0,"name":"Shaded","section":"Shading Mode"},"sceneLighting":false,"audioPlay":false,"sceneViewState":{"showFog":true,"showMaterialUpdate":false,"showSkybox":false,"showFlares":true,"showImageEffects":true,"showParticleSystems":true},"in2DMode":false,"pivot":{"x":293.37542724609377,"y":144.01756286621095,"z":25.2779541015625},"rotation":{"x":-0.020878616720438005,"y":0.9693220257759094,"z":-0.22829978168010713,"w":-0.08864716440439224},"size":210.04412841796876,"orthographic":false}