{"cameraMode":{"drawMode":0,"name":"Shaded","section":"Shading Mode"},"sceneLighting":true,"audioPlay":false,"sceneViewState":{"showFog":true,"showMaterialUpdate":false,"showSkybox":true,"showFlares":true,"showImageEffects":true,"showParticleSystems":true},"in2DMode":false,"pivot":{"x":-1.7711338996887208,"y":-3.8889875411987306,"z":-7.189085960388184},"rotation":{"x":0.2053317427635193,"y":-0.20984040200710298,"z":0.04512844234704971,"w":0.9548779129981995},"size":6.76928186416626,"orthographic":false}