{"cameraMode":{"drawMode":0,"name":"Shaded","section":"Shading Mode"},"sceneLighting":false,"audioPlay":false,"sceneViewState":{"showFog":true,"showMaterialUpdate":false,"showSkybox":false,"showFlares":true,"showImageEffects":true,"showParticleSystems":true},"in2DMode":false,"pivot":{"x":0.06207609176635742,"y":-0.04774022102355957,"z":-0.027738571166992189},"rotation":{"x":-0.08755961060523987,"y":0.9008515477180481,"z":-0.21502776443958283,"w":-0.366828054189682},"size":2.9660251140594484,"orthographic":false}