{"cameraMode":{"drawMode":0,"name":"Shaded","section":"Shading Mode"},"sceneLighting":false,"audioPlay":false,"sceneViewState":{"showFog":true,"showMaterialUpdate":false,"showSkybox":false,"showFlares":true,"showImageEffects":true,"showParticleSystems":true},"in2DMode":false,"pivot":{"x":-0.505765438079834,"y":0.8356964588165283,"z":0.005076408386230469},"rotation":{"x":0.07159534096717835,"y":-0.9008064866065979,"z":0.1628119945526123,"w":0.3961237370967865},"size":4.466025352478027,"orthographic":false}