{"cameraMode":{"drawMode":0,"name":"Shaded","section":"Shading Mode"},"sceneLighting":false,"audioPlay":false,"sceneViewState":{"showFog":true,"showMaterialUpdate":false,"showSkybox":false,"showFlares":true,"showImageEffects":true,"showParticleSystems":true},"in2DMode":false,"pivot":{"x":0.544761598110199,"y":1.9919155836105347,"z":-6.180426120758057},"rotation":{"x":-0.005640581250190735,"y":0.9923202991485596,"z":0.11330653727054596,"w":0.04945959150791168},"size":4.766853332519531,"orthographic":false}